[
  {
    "id": "1",
    "name": "Nyarugenge",
    "code": "0101",
    "province_id": "1",
    "province_code": "01"
  },
  {
    "id": "2",
    "name": "Gasabo",
    "code": "0102",
    "province_id": "1",
    "province_code": "01"
  },
  {
    "id": "3",
    "name": "Kicukiro",
    "code": "0103",
    "province_id": "1",
    "province_code": "01"
  },
  {
    "id": "4",
    "name": "Nyanza",
    "code": "0201",
    "province_id": "2",
    "province_code": "02"
  },
  {
    "id": "5",
    "name": "Gisagara",
    "code": "0202",
    "province_id": "2",
    "province_code": "02"
  },
  {
    "id": "6",
    "name": "Nyaruguru",
    "code": "0203",
    "province_id": "2",
    "province_code": "02"
  },
  {
    "id": "7",
    "name": "Huye",
    "code": "0204",
    "province_id": "2",
    "province_code": "02"
  },
  {
    "id": "8",
    "name": "Nyamagabe",
    "code": "0205",
    "province_id": "2",
    "province_code": "02"
  },
  {
    "id": "9",
    "name": "Ruhango",
    "code": "0206",
    "province_id": "2",
    "province_code": "02"
  },
  {
    "id": "10",
    "name": "Muhanga",
    "code": "0207",
    "province_id": "2",
    "province_code": "02"
  },
  {
    "id": "11",
    "name": "Kamonyi",
    "code": "0208",
    "province_id": "2",
    "province_code": "02"
  },
  {
    "id": "12",
    "name": "Karongi",
    "code": "0301",
    "province_id": "3",
    "province_code": "03"
  },
  {
    "id": "13",
    "name": "Rutsiro",
    "code": "0302",
    "province_id": "3",
    "province_code": "03"
  },
  {
    "id": "14",
    "name": "Rubavu",
    "code": "0303",
    "province_id": "3",
    "province_code": "03"
  },
  {
    "id": "15",
    "name": "Nyabihu",
    "code": "0304",
    "province_id": "3",
    "province_code": "03"
  },
  {
    "id": "16",
    "name": "Ngororero",
    "code": "0305",
    "province_id": "3",
    "province_code": "03"
  },
  {
    "id": "17",
    "name": "Rusizi",
    "code": "0306",
    "province_id": "3",
    "province_code": "03"
  },
  {
    "id": "18",
    "name": "Nyamasheke",
    "code": "0307",
    "province_id": "3",
    "province_code": "03"
  },
  {
    "id": "19",
    "name": "Rulindo",
    "code": "0401",
    "province_id": "4",
    "province_code": "04"
  },
  {
    "id": "20",
    "name": "Gakenke",
    "code": "0402",
    "province_id": "4",
    "province_code": "04"
  },
  {
    "id": "21",
    "name": "Musanze",
    "code": "0403",
    "province_id": "4",
    "province_code": "04"
  },
  {
    "id": "22",
    "name": "Burera",
    "code": "0404",
    "province_id": "4",
    "province_code": "04"
  },
  {
    "id": "23",
    "name": "Gicumbi",
    "code": "0405",
    "province_id": "4",
    "province_code": "04"
  },
  {
    "id": "24",
    "name": "Rwamagana",
    "code": "0501",
    "province_id": "5",
    "province_code": "05"
  },
  {
    "id": "25",
    "name": "Nyagatare",
    "code": "0502",
    "province_id": "5",
    "province_code": "05"
  },
  {
    "id": "26",
    "name": "Gatsibo",
    "code": "0503",
    "province_id": "5",
    "province_code": "05"
  },
  {
    "id": "27",
    "name": "Kayonza",
    "code": "0504",
    "province_id": "5",
    "province_code": "05"
  },
  {
    "id": "28",
    "name": "Kirehe",
    "code": "0505",
    "province_id": "5",
    "province_code": "05"
  },
  {
    "id": "29",
    "name": "Ngoma",
    "code": "0506",
    "province_id": "5",
    "province_code": "05"
  },
  {
    "id": "30",
    "name": "Bugesera",
    "code": "0507",
    "province_id": "5",
    "province_code": "05"
  }
]
