[
{"id":"1","name":"Gitega","code":"010101","district_id":"1","district_code":"0101"},
{"id":"2","name":"Kanyinya","code":"010102","district_id":"1","district_code":"0101"},
{"id":"3","name":"Kigali","code":"010103","district_id":"1","district_code":"0101"},
{"id":"4","name":"Kimisagara","code":"010104","district_id":"1","district_code":"0101"},
{"id":"5","name":"Mageregere","code":"010105","district_id":"1","district_code":"0101"},
{"id":"6","name":"Muhima","code":"010106","district_id":"1","district_code":"0101"},
{"id":"7","name":"Nyakabanda","code":"010107","district_id":"1","district_code":"0101"},
{"id":"8","name":"Nyamirambo","code":"010108","district_id":"1","district_code":"0101"},
{"id":"9","name":"Nyarugenge","code":"010109","district_id":"1","district_code":"0101"},
{"id":"10","name":"Rwezamenyo","code":"010110","district_id":"1","district_code":"0101"},
{"id":"11","name":"Bumbogo","code":"010201","district_id":"2","district_code":"0102"},
{"id":"12","name":"Gatsata","code":"010202","district_id":"2","district_code":"0102"},
{"id":"13","name":"Gikomero","code":"010203","district_id":"2","district_code":"0102"},
{"id":"14","name":"Gisozi","code":"010204","district_id":"2","district_code":"0102"},
{"id":"15","name":"Jabana","code":"010205","district_id":"2","district_code":"0102"},
{"id":"16","name":"Jali","code":"010206","district_id":"2","district_code":"0102"},
{"id":"17","name":"Kacyiru","code":"010207","district_id":"2","district_code":"0102"},
{"id":"18","name":"Kimihurura","code":"010208","district_id":"2","district_code":"0102"},
{"id":"19","name":"Kimironko","code":"010209","district_id":"2","district_code":"0102"},
{"id":"20","name":"Kinyinya","code":"010210","district_id":"2","district_code":"0102"},
{"id":"21","name":"Ndera","code":"010211","district_id":"2","district_code":"0102"},
{"id":"22","name":"Nduba","code":"010212","district_id":"2","district_code":"0102"},
{"id":"23","name":"Remera","code":"010213","district_id":"2","district_code":"0102"},
{"id":"24","name":"Rusororo","code":"010214","district_id":"2","district_code":"0102"},
{"id":"25","name":"Rutunga","code":"010215","district_id":"2","district_code":"0102"},
{"id":"26","name":"Gahanga","code":"010301","district_id":"3","district_code":"0103"},
{"id":"27","name":"Gatenga","code":"010302","district_id":"3","district_code":"0103"},
{"id":"28","name":"Gikondo","code":"010303","district_id":"3","district_code":"0103"},
{"id":"29","name":"Kagarama","code":"010304","district_id":"3","district_code":"0103"},
{"id":"30","name":"Kanombe","code":"010305","district_id":"3","district_code":"0103"},
{"id":"31","name":"Kicukiro","code":"010306","district_id":"3","district_code":"0103"},
{"id":"32","name":"Kigarama","code":"010307","district_id":"3","district_code":"0103"},
{"id":"33","name":"Masaka","code":"010308","district_id":"3","district_code":"0103"},
{"id":"34","name":"Niboye","code":"010309","district_id":"3","district_code":"0103"},
{"id":"35","name":"Nyarugunga","code":"010310","district_id":"3","district_code":"0103"},
{"id":"36","name":"Busasamana","code":"020101","district_id":"4","district_code":"0201"},
{"id":"37","name":"Busoro","code":"020102","district_id":"4","district_code":"0201"},
{"id":"38","name":"Cyabakamyi","code":"020103","district_id":"4","district_code":"0201"},
{"id":"39","name":"Kibilizi","code":"020104","district_id":"4","district_code":"0201"},
{"id":"40","name":"Kigoma","code":"020105","district_id":"4","district_code":"0201"},
{"id":"41","name":"Mukingo","code":"020106","district_id":"4","district_code":"0201"},
{"id":"42","name":"Muyira","code":"020107","district_id":"4","district_code":"0201"},
{"id":"43","name":"Ntyazo","code":"020108","district_id":"4","district_code":"0201"},
{"id":"44","name":"Nyagisozi","code":"020109","district_id":"4","district_code":"0201"},
{"id":"45","name":"Rwabicuma","code":"020110","district_id":"4","district_code":"0201"},
{"id":"46","name":"Gikonko","code":"020201","district_id":"5","district_code":"0202"},
{"id":"47","name":"Gishubi","code":"020202","district_id":"5","district_code":"0202"},
{"id":"48","name":"Kansi","code":"020203","district_id":"5","district_code":"0202"},
{"id":"49","name":"Kibirizi","code":"020204","district_id":"5","district_code":"0202"},
{"id":"50","name":"Kigembe","code":"020205","district_id":"5","district_code":"0202"},
{"id":"51","name":"Mamba","code":"020206","district_id":"5","district_code":"0202"},
{"id":"52","name":"Muganza","code":"020207","district_id":"5","district_code":"0202"},
{"id":"53","name":"Mugombwa","code":"020208","district_id":"5","district_code":"0202"},
{"id":"54","name":"Mukindo","code":"020209","district_id":"5","district_code":"0202"},
{"id":"55","name":"Musha","code":"020210","district_id":"5","district_code":"0202"},
{"id":"56","name":"Ndora","code":"020211","district_id":"5","district_code":"0202"},
{"id":"57","name":"Nyanza","code":"020212","district_id":"5","district_code":"0202"},
{"id":"58","name":"Save","code":"020213","district_id":"5","district_code":"0202"},
{"id":"59","name":"Busanze","code":"020301","district_id":"6","district_code":"0203"},
{"id":"60","name":"Cyahinda","code":"020302","district_id":"6","district_code":"0203"},
{"id":"61","name":"Kibeho","code":"020303","district_id":"6","district_code":"0203"},
{"id":"62","name":"Kivu","code":"020304","district_id":"6","district_code":"0203"},
{"id":"63","name":"Mata","code":"020305","district_id":"6","district_code":"0203"},
{"id":"64","name":"Muganza","code":"020306","district_id":"6","district_code":"0203"},
{"id":"65","name":"Munini","code":"020307","district_id":"6","district_code":"0203"},
{"id":"66","name":"Ngera","code":"020308","district_id":"6","district_code":"0203"},
{"id":"67","name":"Ngoma","code":"020309","district_id":"6","district_code":"0203"},
{"id":"68","name":"Nyabimata","code":"020310","district_id":"6","district_code":"0203"},
{"id":"69","name":"Nyagisozi","code":"020311","district_id":"6","district_code":"0203"},
{"id":"70","name":"Ruheru","code":"020312","district_id":"6","district_code":"0203"},
{"id":"71","name":"Ruramba","code":"020313","district_id":"6","district_code":"0203"},
{"id":"72","name":"Rusenge","code":"020314","district_id":"6","district_code":"0203"},
{"id":"73","name":"Gishamvu","code":"020401","district_id":"7","district_code":"0204"},
{"id":"74","name":"Huye","code":"020402","district_id":"7","district_code":"0204"},
{"id":"75","name":"Karama","code":"020403","district_id":"7","district_code":"0204"},
{"id":"76","name":"Kigoma","code":"020404","district_id":"7","district_code":"0204"},
{"id":"77","name":"Kinazi","code":"020405","district_id":"7","district_code":"0204"},
{"id":"78","name":"Maraba","code":"020406","district_id":"7","district_code":"0204"},
{"id":"79","name":"Mbazi","code":"020407","district_id":"7","district_code":"0204"},
{"id":"80","name":"Mukura","code":"020408","district_id":"7","district_code":"0204"},
{"id":"81","name":"Ngoma","code":"020409","district_id":"7","district_code":"0204"},
{"id":"82","name":"Ruhashya","code":"020410","district_id":"7","district_code":"0204"},
{"id":"83","name":"Rusatira","code":"020411","district_id":"7","district_code":"0204"},
{"id":"84","name":"Rwaniro","code":"020412","district_id":"7","district_code":"0204"},
{"id":"85","name":"Simbi","code":"020413","district_id":"7","district_code":"0204"},
{"id":"86","name":"Tumba","code":"020414","district_id":"7","district_code":"0204"},
{"id":"87","name":"Buruhukiro","code":"020501","district_id":"8","district_code":"0205"},
{"id":"88","name":"Cyanika","code":"020502","district_id":"8","district_code":"0205"},
{"id":"89","name":"Gasaka","code":"020503","district_id":"8","district_code":"0205"},
{"id":"90","name":"Gatare","code":"020504","district_id":"8","district_code":"0205"},
{"id":"91","name":"Kaduha","code":"020505","district_id":"8","district_code":"0205"},
{"id":"92","name":"Kamegeri","code":"020506","district_id":"8","district_code":"0205"},
{"id":"93","name":"Kibirizi","code":"020507","district_id":"8","district_code":"0205"},
{"id":"94","name":"Kibumbwe","code":"020508","district_id":"8","district_code":"0205"},
{"id":"95","name":"Kitabi","code":"020509","district_id":"8","district_code":"0205"},
{"id":"96","name":"Mbazi","code":"020510","district_id":"8","district_code":"0205"},
{"id":"97","name":"Mugano","code":"020511","district_id":"8","district_code":"0205"},
{"id":"98","name":"Musange","code":"020512","district_id":"8","district_code":"0205"},
{"id":"99","name":"Musebeya","code":"020513","district_id":"8","district_code":"0205"},
{"id":"100","name":"Mushubi","code":"020514","district_id":"8","district_code":"0205"},
{"id":"101","name":"Nkomane","code":"020515","district_id":"8","district_code":"0205"},
{"id":"102","name":"Tare","code":"020516","district_id":"8","district_code":"0205"},
{"id":"103","name":"Uwinkingi","code":"020517","district_id":"8","district_code":"0205"},
{"id":"104","name":"Bweramana","code":"020601","district_id":"9","district_code":"0206"},
{"id":"105","name":"Byimana","code":"020602","district_id":"9","district_code":"0206"},
{"id":"106","name":"Kabagali","code":"020603","district_id":"9","district_code":"0206"},
{"id":"107","name":"Kinazi","code":"020604","district_id":"9","district_code":"0206"},
{"id":"108","name":"Kinihira","code":"020605","district_id":"9","district_code":"0206"},
{"id":"109","name":"Mbuye","code":"020606","district_id":"9","district_code":"0206"},
{"id":"110","name":"Mwendo","code":"020607","district_id":"9","district_code":"0206"},
{"id":"111","name":"Ntongwe","code":"020608","district_id":"9","district_code":"0206"},
{"id":"112","name":"Ruhango","code":"020609","district_id":"9","district_code":"0206"},
{"id":"113","name":"Cyeza","code":"020701","district_id":"10","district_code":"0207"},
{"id":"114","name":"Kabacuzi","code":"020702","district_id":"10","district_code":"0207"},
{"id":"115","name":"Kibangu","code":"020703","district_id":"10","district_code":"0207"},
{"id":"116","name":"Kiyumba","code":"020704","district_id":"10","district_code":"0207"},
{"id":"117","name":"Muhanga","code":"020705","district_id":"10","district_code":"0207"},
{"id":"118","name":"Mushishiro","code":"020706","district_id":"10","district_code":"0207"},
{"id":"119","name":"Nyabinoni","code":"020707","district_id":"10","district_code":"0207"},
{"id":"120","name":"Nyamabuye","code":"020708","district_id":"10","district_code":"0207"},
{"id":"121","name":"Nyarusange","code":"020709","district_id":"10","district_code":"0207"},
{"id":"122","name":"Rongi","code":"020710","district_id":"10","district_code":"0207"},
{"id":"123","name":"Rugendabari","code":"020711","district_id":"10","district_code":"0207"},
{"id":"124","name":"Shyogwe","code":"020712","district_id":"10","district_code":"0207"},
{"id":"125","name":"Gacurabwenge","code":"020801","district_id":"11","district_code":"0208"},
{"id":"126","name":"Karama","code":"020802","district_id":"11","district_code":"0208"},
{"id":"127","name":"Kayenzi","code":"020803","district_id":"11","district_code":"0208"},
{"id":"128","name":"Kayumbu","code":"020804","district_id":"11","district_code":"0208"},
{"id":"129","name":"Mugina","code":"020805","district_id":"11","district_code":"0208"},
{"id":"130","name":"Musambira","code":"020806","district_id":"11","district_code":"0208"},
{"id":"131","name":"Ngamba","code":"020807","district_id":"11","district_code":"0208"},
{"id":"132","name":"Nyamiyaga","code":"020808","district_id":"11","district_code":"0208"},
{"id":"133","name":"Nyarubaka","code":"020809","district_id":"11","district_code":"0208"},
{"id":"134","name":"Rugarika","code":"020810","district_id":"11","district_code":"0208"},
{"id":"135","name":"Rukoma","code":"020811","district_id":"11","district_code":"0208"},
{"id":"136","name":"Runda","code":"020812","district_id":"11","district_code":"0208"},
{"id":"137","name":"Bwishyura","code":"030101","district_id":"12","district_code":"0301"},
{"id":"138","name":"Gashari","code":"030102","district_id":"12","district_code":"0301"},
{"id":"139","name":"Gishyita","code":"030103","district_id":"12","district_code":"0301"},
{"id":"140","name":"Gitesi","code":"030104","district_id":"12","district_code":"0301"},
{"id":"141","name":"Mubuga","code":"030105","district_id":"12","district_code":"0301"},
{"id":"142","name":"Murambi","code":"030106","district_id":"12","district_code":"0301"},
{"id":"143","name":"Murundi","code":"030107","district_id":"12","district_code":"0301"},
{"id":"144","name":"Mutuntu","code":"030108","district_id":"12","district_code":"0301"},
{"id":"145","name":"Rubengera","code":"030109","district_id":"12","district_code":"0301"},
{"id":"146","name":"Rugabano","code":"030110","district_id":"12","district_code":"0301"},
{"id":"147","name":"Ruganda","code":"030111","district_id":"12","district_code":"0301"},
{"id":"148","name":"Rwankuba","code":"030112","district_id":"12","district_code":"0301"},
{"id":"149","name":"Twumba","code":"030113","district_id":"12","district_code":"0301"},
{"id":"150","name":"Boneza","code":"030201","district_id":"13","district_code":"0302"},
{"id":"151","name":"Gihango","code":"030202","district_id":"13","district_code":"0302"},
{"id":"152","name":"Kigeyo","code":"030203","district_id":"13","district_code":"0302"},
{"id":"153","name":"Kivumu","code":"030204","district_id":"13","district_code":"0302"},
{"id":"154","name":"Manihira","code":"030205","district_id":"13","district_code":"0302"},
{"id":"155","name":"Mukura","code":"030206","district_id":"13","district_code":"0302"},
{"id":"156","name":"Murunda","code":"030207","district_id":"13","district_code":"0302"},
{"id":"157","name":"Musasa","code":"030208","district_id":"13","district_code":"0302"},
{"id":"158","name":"Mushonyi","code":"030209","district_id":"13","district_code":"0302"},
{"id":"159","name":"Mushubati","code":"030210","district_id":"13","district_code":"0302"},
{"id":"160","name":"Nyabirasi","code":"030211","district_id":"13","district_code":"0302"},
{"id":"161","name":"Ruhango","code":"030212","district_id":"13","district_code":"0302"},
{"id":"162","name":"Rusebeya","code":"030213","district_id":"13","district_code":"0302"},
{"id":"163","name":"Bugeshi","code":"030301","district_id":"14","district_code":"0303"},
{"id":"164","name":"Busasamana","code":"030302","district_id":"14","district_code":"0303"},
{"id":"165","name":"Cyanzarwe","code":"030303","district_id":"14","district_code":"0303"},
{"id":"166","name":"Gisenyi","code":"030304","district_id":"14","district_code":"0303"},
{"id":"167","name":"Kanama","code":"030305","district_id":"14","district_code":"0303"},
{"id":"168","name":"Kanzenze","code":"030306","district_id":"14","district_code":"0303"},
{"id":"169","name":"Mudende","code":"030307","district_id":"14","district_code":"0303"},
{"id":"170","name":"Nyakiriba","code":"030308","district_id":"14","district_code":"0303"},
{"id":"171","name":"Nyamyumba","code":"030309","district_id":"14","district_code":"0303"},
{"id":"172","name":"Nyundo","code":"030310","district_id":"14","district_code":"0303"},
{"id":"173","name":"Rubavu","code":"030311","district_id":"14","district_code":"0303"},
{"id":"174","name":"Rugerero","code":"030312","district_id":"14","district_code":"0303"},
{"id":"175","name":"Bigogwe","code":"030401","district_id":"15","district_code":"0304"},
{"id":"176","name":"Jenda","code":"030402","district_id":"15","district_code":"0304"},
{"id":"177","name":"Jomba","code":"030403","district_id":"15","district_code":"0304"},
{"id":"178","name":"Kabatwa","code":"030404","district_id":"15","district_code":"0304"},
{"id":"179","name":"Karago","code":"030405","district_id":"15","district_code":"0304"},
{"id":"180","name":"Kintobo","code":"030406","district_id":"15","district_code":"0304"},
{"id":"181","name":"Mukamira","code":"030407","district_id":"15","district_code":"0304"},
{"id":"182","name":"Muringa","code":"030408","district_id":"15","district_code":"0304"},
{"id":"183","name":"Rambura","code":"030409","district_id":"15","district_code":"0304"},
{"id":"184","name":"Rugera","code":"030410","district_id":"15","district_code":"0304"},
{"id":"185","name":"Rurembo","code":"030411","district_id":"15","district_code":"0304"},
{"id":"186","name":"Shyira","code":"030412","district_id":"15","district_code":"0304"},
{"id":"187","name":"BWIRA","code":"030501","district_id":"16","district_code":"0305"},
{"id":"188","name":"GATUMBA","code":"030502","district_id":"16","district_code":"0305"},
{"id":"189","name":"HINDIRO","code":"030503","district_id":"16","district_code":"0305"},
{"id":"190","name":"KABAYA","code":"030504","district_id":"16","district_code":"0305"},
{"id":"191","name":"KAGEYO","code":"030505","district_id":"16","district_code":"0305"},
{"id":"192","name":"KAVUMU","code":"030506","district_id":"16","district_code":"0305"},
{"id":"193","name":"MATYAZO","code":"030507","district_id":"16","district_code":"0305"},
{"id":"194","name":"MUHANDA","code":"030508","district_id":"16","district_code":"0305"},
{"id":"195","name":"MUHORORO","code":"030509","district_id":"16","district_code":"0305"},
{"id":"196","name":"NDARO","code":"030510","district_id":"16","district_code":"0305"},
{"id":"197","name":"NGORORERO","code":"030511","district_id":"16","district_code":"0305"},
{"id":"198","name":"NYANGE","code":"030512","district_id":"16","district_code":"0305"},
{"id":"199","name":"SOVU","code":"030513","district_id":"16","district_code":"0305"},
{"id":"200","name":"Bugarama","code":"030601","district_id":"17","district_code":"0306"},
{"id":"201","name":"Butare","code":"030602","district_id":"17","district_code":"0306"},
{"id":"202","name":"Bweyeye","code":"030603","district_id":"17","district_code":"0306"},
{"id":"203","name":"Gashonga","code":"030604","district_id":"17","district_code":"0306"},
{"id":"204","name":"Giheke","code":"030605","district_id":"17","district_code":"0306"},
{"id":"205","name":"Gihundwe","code":"030606","district_id":"17","district_code":"0306"},
{"id":"206","name":"Gikundamvura","code":"030607","district_id":"17","district_code":"0306"},
{"id":"207","name":"Gitambi","code":"030608","district_id":"17","district_code":"0306"},
{"id":"208","name":"Kamembe","code":"030609","district_id":"17","district_code":"0306"},
{"id":"209","name":"Muganza","code":"030610","district_id":"17","district_code":"0306"},
{"id":"210","name":"Mururu","code":"030611","district_id":"17","district_code":"0306"},
{"id":"211","name":"Nkanka","code":"030612","district_id":"17","district_code":"0306"},
{"id":"212","name":"Nkombo","code":"030613","district_id":"17","district_code":"0306"},
{"id":"213","name":"Nkungu","code":"030614","district_id":"17","district_code":"0306"},
{"id":"214","name":"Nyakabuye","code":"030615","district_id":"17","district_code":"0306"},
{"id":"215","name":"Nyakarenzo","code":"030616","district_id":"17","district_code":"0306"},
{"id":"216","name":"Nzahaha","code":"030617","district_id":"17","district_code":"0306"},
{"id":"217","name":"Rwembogo","code":"030618","district_id":"17","district_code":"0306"},
{"id":"218","name":"Bushekeri","code":"030701","district_id":"18","district_code":"0307"},
{"id":"219","name":"Bushenge","code":"030702","district_id":"18","district_code":"0307"},
{"id":"220","name":"Cyato","code":"030703","district_id":"18","district_code":"0307"},
{"id":"221","name":"Gihombo","code":"030704","district_id":"18","district_code":"0307"},
{"id":"222","name":"Kagano","code":"030705","district_id":"18","district_code":"0307"},
{"id":"223","name":"Kanjongo","code":"030706","district_id":"18","district_code":"0307"},
{"id":"224","name":"Karambi","code":"030707","district_id":"18","district_code":"0307"},
{"id":"225","name":"Karengera","code":"030708","district_id":"18","district_code":"0307"},
{"id":"226","name":"Kirimbi","code":"030709","district_id":"18","district_code":"0307"},
{"id":"227","name":"Macuba","code":"030710","district_id":"18","district_code":"0307"},
{"id":"228","name":"Mahembe","code":"030711","district_id":"18","district_code":"0307"},
{"id":"229","name":"Nyabitekeri","code":"030712","district_id":"18","district_code":"0307"},
{"id":"230","name":"Rangiro","code":"030713","district_id":"18","district_code":"0307"},
{"id":"231","name":"Ruharambuga","code":"030714","district_id":"18","district_code":"0307"},
{"id":"232","name":"Shangi","code":"030715","district_id":"18","district_code":"0307"},
{"id":"233","name":"BASE","code":"040101","district_id":"19","district_code":"0401"},
{"id":"234","name":"BUREGA","code":"040102","district_id":"19","district_code":"0401"},
{"id":"235","name":"BUSHOKI","code":"040103","district_id":"19","district_code":"0401"},
{"id":"236","name":"BUYOGA","code":"040104","district_id":"19","district_code":"0401"},
{"id":"237","name":"CYINZUZI","code":"040105","district_id":"19","district_code":"0401"},
{"id":"238","name":"CYUNGO","code":"040106","district_id":"19","district_code":"0401"},
{"id":"239","name":"KINIHIRA","code":"040107","district_id":"19","district_code":"0401"},
{"id":"240","name":"KISARO","code":"040108","district_id":"19","district_code":"0401"},
{"id":"241","name":"MASORO","code":"040109","district_id":"19","district_code":"0401"},
{"id":"242","name":"MBOGO","code":"040110","district_id":"19","district_code":"0401"},
{"id":"243","name":"MURAMBI","code":"040111","district_id":"19","district_code":"0401"},
{"id":"244","name":"NGOMA","code":"040112","district_id":"19","district_code":"0401"},
{"id":"245","name":"NTARABANA","code":"040113","district_id":"19","district_code":"0401"},
{"id":"246","name":"RUKOZO","code":"040114","district_id":"19","district_code":"0401"},
{"id":"247","name":"RUSIGA","code":"040115","district_id":"19","district_code":"0401"},
{"id":"248","name":"SHYORONGI","code":"040116","district_id":"19","district_code":"0401"},
{"id":"249","name":"TUMBA","code":"040117","district_id":"19","district_code":"0401"},
{"id":"250","name":"Busengo","code":"040201","district_id":"20","district_code":"0402"},
{"id":"251","name":"Coko","code":"040202","district_id":"20","district_code":"0402"},
{"id":"252","name":"Cyabingo","code":"040203","district_id":"20","district_code":"0402"},
{"id":"253","name":"Gakenke","code":"040204","district_id":"20","district_code":"0402"},
{"id":"254","name":"Gashenyi","code":"040205","district_id":"20","district_code":"0402"},
{"id":"255","name":"Janja","code":"040206","district_id":"20","district_code":"0402"},
{"id":"256","name":"Kamubuga","code":"040207","district_id":"20","district_code":"0402"},
{"id":"257","name":"Karambo","code":"040208","district_id":"20","district_code":"0402"},
{"id":"258","name":"Kivuruga","code":"040209","district_id":"20","district_code":"0402"},
{"id":"259","name":"Mataba","code":"040210","district_id":"20","district_code":"0402"},
{"id":"260","name":"Minazi","code":"040211","district_id":"20","district_code":"0402"},
{"id":"261","name":"Mugunga","code":"040212","district_id":"20","district_code":"0402"},
{"id":"262","name":"Muhondo","code":"040213","district_id":"20","district_code":"0402"},
{"id":"263","name":"Muyongwe","code":"040214","district_id":"20","district_code":"0402"},
{"id":"264","name":"Muzo","code":"040215","district_id":"20","district_code":"0402"},
{"id":"265","name":"Nemba","code":"040216","district_id":"20","district_code":"0402"},
{"id":"266","name":"Ruli","code":"040217","district_id":"20","district_code":"0402"},
{"id":"267","name":"Rusasa","code":"040218","district_id":"20","district_code":"0402"},
{"id":"268","name":"Rushashi","code":"040219","district_id":"20","district_code":"0402"},
{"id":"269","name":"Busogo","code":"040301","district_id":"21","district_code":"0403"},
{"id":"270","name":"Cyuve","code":"040302","district_id":"21","district_code":"0403"},
{"id":"271","name":"Gacaca","code":"040303","district_id":"21","district_code":"0403"},
{"id":"272","name":"Gashaki","code":"040304","district_id":"21","district_code":"0403"},
{"id":"273","name":"Gataraga","code":"040305","district_id":"21","district_code":"0403"},
{"id":"274","name":"Kimonyi","code":"040306","district_id":"21","district_code":"0403"},
{"id":"275","name":"Kinigi","code":"040307","district_id":"21","district_code":"0403"},
{"id":"276","name":"Muhoza","code":"040308","district_id":"21","district_code":"0403"},
{"id":"277","name":"Muko","code":"040309","district_id":"21","district_code":"0403"},
{"id":"278","name":"Musanze","code":"040310","district_id":"21","district_code":"0403"},
{"id":"279","name":"Nkotsi","code":"040311","district_id":"21","district_code":"0403"},
{"id":"280","name":"Nyange","code":"040312","district_id":"21","district_code":"0403"},
{"id":"281","name":"Remera","code":"040313","district_id":"21","district_code":"0403"},
{"id":"282","name":"Rwaza","code":"040314","district_id":"21","district_code":"0403"},
{"id":"283","name":"Shingiro","code":"040315","district_id":"21","district_code":"0403"},
{"id":"284","name":"Bungwe","code":"040401","district_id":"22","district_code":"0404"},
{"id":"285","name":"Butaro","code":"040402","district_id":"22","district_code":"0404"},
{"id":"286","name":"Cyanika","code":"040403","district_id":"22","district_code":"0404"},
{"id":"287","name":"Cyeru","code":"040404","district_id":"22","district_code":"0404"},
{"id":"288","name":"Gahunga","code":"040405","district_id":"22","district_code":"0404"},
{"id":"289","name":"Gatebe","code":"040406","district_id":"22","district_code":"0404"},
{"id":"290","name":"Gitovu","code":"040407","district_id":"22","district_code":"0404"},
{"id":"291","name":"Kagogo","code":"040408","district_id":"22","district_code":"0404"},
{"id":"292","name":"Kinoni","code":"040409","district_id":"22","district_code":"0404"},
{"id":"293","name":"Kinyababa","code":"040410","district_id":"22","district_code":"0404"},
{"id":"294","name":"Kivuye","code":"040411","district_id":"22","district_code":"0404"},
{"id":"295","name":"Nemba","code":"040412","district_id":"22","district_code":"0404"},
{"id":"296","name":"Rugarama","code":"040413","district_id":"22","district_code":"0404"},
{"id":"297","name":"Rugengabari","code":"040414","district_id":"22","district_code":"0404"},
{"id":"298","name":"Ruhunde","code":"040415","district_id":"22","district_code":"0404"},
{"id":"299","name":"Rusarabuye","code":"040416","district_id":"22","district_code":"0404"},
{"id":"300","name":"Rwerere","code":"040417","district_id":"22","district_code":"0404"},
{"id":"301","name":"Bukure","code":"040501","district_id":"23","district_code":"0405"},
{"id":"302","name":"Bwisige","code":"040502","district_id":"23","district_code":"0405"},
{"id":"303","name":"Byumba","code":"040503","district_id":"23","district_code":"0405"},
{"id":"304","name":"Cyumba","code":"040504","district_id":"23","district_code":"0405"},
{"id":"305","name":"Giti","code":"040505","district_id":"23","district_code":"0405"},
{"id":"306","name":"Kageyo","code":"040506","district_id":"23","district_code":"0405"},
{"id":"307","name":"Kaniga","code":"040507","district_id":"23","district_code":"0405"},
{"id":"308","name":"Manyagiro","code":"040508","district_id":"23","district_code":"0405"},
{"id":"309","name":"Miyove","code":"040509","district_id":"23","district_code":"0405"},
{"id":"310","name":"Mukarange","code":"040510","district_id":"23","district_code":"0405"},
{"id":"311","name":"Muko","code":"040511","district_id":"23","district_code":"0405"},
{"id":"312","name":"Mutete","code":"040512","district_id":"23","district_code":"0405"},
{"id":"313","name":"Nyamiyaga","code":"040513","district_id":"23","district_code":"0405"},
{"id":"314","name":"Nyankenke","code":"040514","district_id":"23","district_code":"0405"},
{"id":"315","name":"Rubaya","code":"040515","district_id":"23","district_code":"0405"},
{"id":"316","name":"Rukomo","code":"040516","district_id":"23","district_code":"0405"},
{"id":"317","name":"Rushaki","code":"040517","district_id":"23","district_code":"0405"},
{"id":"318","name":"Rutare","code":"040518","district_id":"23","district_code":"0405"},
{"id":"319","name":"Ruvune","code":"040519","district_id":"23","district_code":"0405"},
{"id":"320","name":"Rwamiko","code":"040520","district_id":"23","district_code":"0405"},
{"id":"321","name":"Shangasha","code":"040521","district_id":"23","district_code":"0405"},
{"id":"322","name":"Fumbwe","code":"050101","district_id":"24","district_code":"0501"},
{"id":"323","name":"Gahengeri","code":"050102","district_id":"24","district_code":"0501"},
{"id":"324","name":"Gishali","code":"050103","district_id":"24","district_code":"0501"},
{"id":"325","name":"Karenge","code":"050104","district_id":"24","district_code":"0501"},
{"id":"326","name":"Kigabiro","code":"050105","district_id":"24","district_code":"0501"},
{"id":"327","name":"Muhazi","code":"050106","district_id":"24","district_code":"0501"},
{"id":"328","name":"Munyaga","code":"050107","district_id":"24","district_code":"0501"},
{"id":"329","name":"Munyiginya","code":"050108","district_id":"24","district_code":"0501"},
{"id":"330","name":"Musha","code":"050109","district_id":"24","district_code":"0501"},
{"id":"331","name":"Muyumbu","code":"050110","district_id":"24","district_code":"0501"},
{"id":"332","name":"Mwulire","code":"050111","district_id":"24","district_code":"0501"},
{"id":"333","name":"Nyakaliro","code":"050112","district_id":"24","district_code":"0501"},
{"id":"334","name":"Nzige","code":"050113","district_id":"24","district_code":"0501"},
{"id":"335","name":"Rubona","code":"050114","district_id":"24","district_code":"0501"},
{"id":"336","name":"GATUNDA","code":"050201","district_id":"25","district_code":"0502"},
{"id":"337","name":"KARAMA","code":"050202","district_id":"25","district_code":"0502"},
{"id":"338","name":"KARANGAZI","code":"050203","district_id":"25","district_code":"0502"},
{"id":"339","name":"KATABAGEMU","code":"050204","district_id":"25","district_code":"0502"},
{"id":"340","name":"KIYOMBE","code":"050205","district_id":"25","district_code":"0502"},
{"id":"341","name":"MATIMBA","code":"050206","district_id":"25","district_code":"0502"},
{"id":"342","name":"MIMURI","code":"050207","district_id":"25","district_code":"0502"},
{"id":"343","name":"MUKAMA","code":"050208","district_id":"25","district_code":"0502"},
{"id":"344","name":"MUSHERI","code":"050209","district_id":"25","district_code":"0502"},
{"id":"345","name":"NYAGATARE","code":"050210","district_id":"25","district_code":"0502"},
{"id":"346","name":"RUKOMO","code":"050211","district_id":"25","district_code":"0502"},
{"id":"347","name":"RWEMPASHA","code":"050212","district_id":"25","district_code":"0502"},
{"id":"348","name":"RWIMIYAGA","code":"050213","district_id":"25","district_code":"0502"},
{"id":"349","name":"TABAGWE","code":"050214","district_id":"25","district_code":"0502"},
{"id":"350","name":"Gasange","code":"050301","district_id":"26","district_code":"0503"},
{"id":"351","name":"Gatsibo","code":"050302","district_id":"26","district_code":"0503"},
{"id":"352","name":"Gitoki","code":"050303","district_id":"26","district_code":"0503"},
{"id":"353","name":"Kabarore","code":"050304","district_id":"26","district_code":"0503"},
{"id":"354","name":"Kageyo","code":"050305","district_id":"26","district_code":"0503"},
{"id":"355","name":"Kiramuruzi","code":"050306","district_id":"26","district_code":"0503"},
{"id":"356","name":"Kiziguro","code":"050307","district_id":"26","district_code":"0503"},
{"id":"357","name":"Muhura","code":"050308","district_id":"26","district_code":"0503"},
{"id":"358","name":"Murambi","code":"050309","district_id":"26","district_code":"0503"},
{"id":"359","name":"Ngarama","code":"050310","district_id":"26","district_code":"0503"},
{"id":"360","name":"Nyagihanga","code":"050311","district_id":"26","district_code":"0503"},
{"id":"361","name":"Remera","code":"050312","district_id":"26","district_code":"0503"},
{"id":"362","name":"Rugarama","code":"050313","district_id":"26","district_code":"0503"},
{"id":"363","name":"Rwembogo","code":"050314","district_id":"26","district_code":"0503"},
{"id":"364","name":"Gahini","code":"050401","district_id":"27","district_code":"0504"},
{"id":"365","name":"Kabare","code":"050402","district_id":"27","district_code":"0504"},
{"id":"366","name":"Kabarondo","code":"050403","district_id":"27","district_code":"0504"},
{"id":"367","name":"Mukarange","code":"050404","district_id":"27","district_code":"0504"},
{"id":"368","name":"Murama","code":"050405","district_id":"27","district_code":"0504"},
{"id":"369","name":"Murundi","code":"050406","district_id":"27","district_code":"0504"},
{"id":"370","name":"Mwiri","code":"050407","district_id":"27","district_code":"0504"},
{"id":"371","name":"Ndego","code":"050408","district_id":"27","district_code":"0504"},
{"id":"372","name":"Nyamirama","code":"050409","district_id":"27","district_code":"0504"},
{"id":"373","name":"Rukara","code":"050410","district_id":"27","district_code":"0504"},
{"id":"374","name":"Ruramira","code":"050411","district_id":"27","district_code":"0504"},
{"id":"375","name":"Rwinkwavu","code":"050412","district_id":"27","district_code":"0504"},
{"id":"376","name":"Gahara","code":"050501","district_id":"28","district_code":"0505"},
{"id":"377","name":"Gatore","code":"050502","district_id":"28","district_code":"0505"},
{"id":"378","name":"Kigarama","code":"050503","district_id":"28","district_code":"0505"},
{"id":"379","name":"Kigina","code":"050504","district_id":"28","district_code":"0505"},
{"id":"380","name":"Kirehe","code":"050505","district_id":"28","district_code":"0505"},
{"id":"381","name":"Mahama","code":"050506","district_id":"28","district_code":"0505"},
{"id":"382","name":"Mpanga","code":"050507","district_id":"28","district_code":"0505"},
{"id":"383","name":"Musaza","code":"050508","district_id":"28","district_code":"0505"},
{"id":"384","name":"Mushikiri","code":"050509","district_id":"28","district_code":"0505"},
{"id":"385","name":"Nasho","code":"050510","district_id":"28","district_code":"0505"},
{"id":"386","name":"Nyamugari","code":"050511","district_id":"28","district_code":"0505"},
{"id":"387","name":"Nyarubuye","code":"050512","district_id":"28","district_code":"0505"},
{"id":"388","name":"Gashanda","code":"050601","district_id":"29","district_code":"0506"},
{"id":"389","name":"Jarama","code":"050602","district_id":"29","district_code":"0506"},
{"id":"390","name":"Karembo","code":"050603","district_id":"29","district_code":"0506"},
{"id":"391","name":"Kazo","code":"050604","district_id":"29","district_code":"0506"},
{"id":"392","name":"Kibungo","code":"050605","district_id":"29","district_code":"0506"},
{"id":"393","name":"Mugesera","code":"050606","district_id":"29","district_code":"0506"},
{"id":"394","name":"Murama","code":"050607","district_id":"29","district_code":"0506"},
{"id":"395","name":"Mutenderi","code":"050608","district_id":"29","district_code":"0506"},
{"id":"396","name":"Remera","code":"050609","district_id":"29","district_code":"0506"},
{"id":"397","name":"Rukira","code":"050610","district_id":"29","district_code":"0506"},
{"id":"398","name":"Rukumberi","code":"050611","district_id":"29","district_code":"0506"},
{"id":"399","name":"Rurenge","code":"050612","district_id":"29","district_code":"0506"},
{"id":"400","name":"Sake","code":"050613","district_id":"29","district_code":"0506"},
{"id":"401","name":"Zaza","code":"050614","district_id":"29","district_code":"0506"},
{"id":"402","name":"Gashora","code":"050701","district_id":"30","district_code":"0507"},
{"id":"403","name":"Juru","code":"050702","district_id":"30","district_code":"0507"},
{"id":"404","name":"Kamabuye","code":"050703","district_id":"30","district_code":"0507"},
{"id":"405","name":"Mareba","code":"050704","district_id":"30","district_code":"0507"},
{"id":"406","name":"Mayange","code":"050705","district_id":"30","district_code":"0507"},
{"id":"407","name":"Musenyi","code":"050706","district_id":"30","district_code":"0507"},
{"id":"408","name":"Mwogo","code":"050707","district_id":"30","district_code":"0507"},
{"id":"409","name":"Ngeruka","code":"050708","district_id":"30","district_code":"0507"},
{"id":"410","name":"Ntarama","code":"050709","district_id":"30","district_code":"0507"},
{"id":"411","name":"Nyamata","code":"050710","district_id":"30","district_code":"0507"},
{"id":"412","name":"Nyarugenge","code":"050711","district_id":"30","district_code":"0507"},
{"id":"413","name":"Rilima","code":"050712","district_id":"30","district_code":"0507"},
{"id":"414","name":"Ruhuha","code":"050713","district_id":"30","district_code":"0507"},
{"id":"415","name":"Rweru","code":"050714","district_id":"30","district_code":"0507"},
{"id":"416","name":"Shyara","code":"050715","district_id":"30","district_code":"0507"}
]
